x_coord,y_coord,color,label
1153.921234609308,242.3610302277172,black,0
1114.9805955950624,391.5179608686101,black,0
784.7845006408439,293.8609953075395,black,0
1130.4172001508111,224.04134499395985,black,0
1549.6324419174473,107.15537797756694,black,0
1073.1662751150122,-209.32392723295104,black,0
1212.9572510305422,357.6991299208942,black,0
77.78456822017084,281.1993236002295,black,0
1225.4915775924921,48.174406626127265,black,0
965.5827421664941,439.579582382863,black,0
1265.5100083184523,249.0092107217893,black,0
925.257095535957,60.62236159469494,black,0
1337.150697168358,113.92426082784063,black,0
278.490614813618,134.50842200708192,black,0
1179.0590731229393,-141.32153596672023,black,0
803.2606134573126,37.0704855063421,black,0
1518.572126904824,445.0074762737124,black,0
1284.172470528928,512.1304141398089,black,0
665.1728814906702,-8.110200821110961,black,0
1128.725013310302,205.547498412734,black,0
1270.1763146357289,-86.49286386409602,black,0
898.6915452056095,283.4189855694101,black,0
1031.1358084510086,397.3583395032467,black,0
193.1603536643126,-133.98818443101453,black,0
508.44258534254556,-258.49159540479974,black,0
777.7194178640142,-19.149602731787557,black,0
130.50430954186288,-253.4762883453052,black,0
846.0837543079678,29.554178279429898,black,0
72.16070952251,194.45890003016916,black,0
677.7537823530588,172.7628686878123,black,0
-193.29332195123055,-274.42881483464157,black,0
1445.0425453739506,175.631618364406,black,0
1900.9203503431227,244.29510474713425,black,0
1080.5308629967287,-67.13243342706562,black,0
1826.9633309486308,346.8186229975055,black,0
1134.7608254579407,-53.69203798197049,black,0
980.6010682854256,-52.281423707941585,black,0
1129.9533385116233,223.96342856276007,black,0
1799.4825277690363,371.1841175073283,black,0
1981.3062766480232,183.2353523752209,black,0
1479.8337101148418,271.2538321344077,black,0
1205.214776563623,127.2147355004637,black,0
1046.9207459011097,150.66597498789514,black,0
1058.4098065859055,-262.07600107742496,black,0
1089.8201107475313,241.29555036019798,black,0
1446.403458519011,141.48209462139278,black,0
1388.425889204192,98.71944774538615,black,0
843.2784343149674,171.37715185574663,black,0
1135.1086697384176,166.290874126207,black,0
489.5914493426409,-309.85612900681576,black,0
1435.3384736356775,1.5428748654157283,black,0
884.0740305396815,258.2200998659741,black,0
1226.6833113817906,70.32618242300298,black,0
430.34345531628003,-215.45703239872512,black,0
1203.4575537258784,240.89356162825493,black,0
1317.414608470255,-29.47993684711359,black,0
570.1339770341865,-383.88704375209613,black,0
763.6907440098038,-457.57826527361743,black,0
1002.3053682342605,360.6274216233076,black,0
891.1316990605012,-247.0985417464779,black,0
935.1227443005413,209.99115446335492,black,0
1399.4470102132955,225.72450826041688,black,0
1331.9434941653826,-128.18191050181133,black,0
655.6121061688018,-30.99458145017037,black,0
694.8424642461138,-277.97247322738497,black,0
538.4377087171488,24.30050443350002,black,0
695.2737283467343,-255.08353793874238,black,0
1568.3354721060448,427.5160041823057,black,0
1603.9267054572508,312.2479281625533,black,0
1153.0337355798101,-254.89923830940782,black,0
1275.4918227566943,75.39857809013222,black,0
738.6403710416116,503.2519599809668,black,0
1344.2678889829733,442.66911179503916,black,0
1665.3742843964612,442.50131498994904,black,0
1317.3863703014904,305.55238681361845,black,0
600.1249426520549,-242.82587466400426,black,0
1575.9735539351043,433.94396155145876,black,0
1445.4523185572189,336.2508877070388,black,0
1035.6381502956058,569.7795393406769,black,0
718.2609583845662,-58.403619675955376,black,0
1392.355774371024,133.59728040011896,black,0
1323.3356937485007,415.02893891022416,black,0
1518.4943457526265,-6.943440220981271,black,0
1416.7516598640598,293.3550365619197,black,0
994.3812161932598,336.126140404377,black,0
784.0875888693799,-452.8172992961789,black,0
642.8461760731653,-33.67074659214835,black,0
596.9440073878268,30.14878676686889,black,0
1436.5921650666987,305.096062680178,black,0
134.74416814002126,71.2690199808022,black,0
1394.2128966576258,-116.89232198403965,black,0
721.9298666442054,-291.0735595325289,black,0
614.5633237015999,100.61817029326735,black,0
731.2791329930511,140.07145413895913,black,0
849.1263153896247,135.7627298649617,black,0
231.77513159814373,-148.03172603384112,black,0
795.3467603235772,76.96400002356292,black,0
714.0775032312317,-137.60500311914407,black,0
461.60704301075555,188.06449891509186,black,0
945.800756399051,-91.7480065335022,black,0
-889.4044098080028,742.6953974526537,red,1
-667.0841493102099,74.67207116240537,red,1
-791.3643642110401,-11.929538852750348,red,1
-800.1131258777808,98.29084961397824,red,1
-914.8427212603671,675.7799263860303,red,1
-213.26050121234582,218.86728883169587,red,1
-889.519818029129,257.77290048204503,red,1
-828.3216234190701,862.1504839979187,red,1
-938.2110314188182,486.97039819807117,red,1
-192.68250987759527,275.6802138055804,red,1
-841.1817922800484,132.57686513594547,red,1
-902.9214381414454,801.4659128446335,red,1
-921.8534422490536,562.704437029811,red,1
-952.805398253991,418.3404916974678,red,1
-778.9738341825321,144.79893572343178,red,1
-670.567563929852,-77.62262247457147,red,1
-836.3073335412242,855.1540676664551,red,1
-894.9707656819971,180.40894183135057,red,1
-802.558709688757,1021.9253924776814,red,1
-852.1196404210469,224.82553710757924,red,1
-801.6838514722001,409.99569197698605,red,1
-346.2344316005671,-258.5747659895358,red,1
-777.8248717279163,441.9868101720657,red,1
-898.0650211897458,278.0555741981212,red,1
-904.2384619355506,662.8138010095197,red,1
-763.1794848711357,84.53141323458473,red,1
-614.9323566499834,24.625432023606667,red,1
-867.0349938659945,665.6803604093498,red,1
-818.0559664727506,919.5954217033811,red,1
-886.2938904902876,447.4319672983441,red,1
-855.6870867079014,574.2368570391247,red,1
-39.27895553254813,101.37820236696925,red,1
-868.3408898520413,582.734884393608,red,1
-587.6699399122954,93.42309684949429,red,1
-935.9020363595876,504.77612495942856,red,1
-849.908012644917,682.3307310064384,red,1
-790.4974287765224,200.11589044968707,red,1
-907.9483415057716,236.6382211518883,red,1
-919.2924124108016,547.6388489853704,red,1
-857.9570682079243,717.6047167065459,red,1
-874.709659119983,209.77956207179795,red,1
-926.7914567423031,761.5506647239524,red,1
-917.2642680538041,703.9293698060455,red,1
-877.9944865554507,715.8363612428125,red,1
-877.6353693631149,875.5965237778133,red,1
-937.1938168643932,703.4310579952922,red,1
-701.7402641326076,-3.369729925287095,red,1
-792.2846261053817,211.1898222498447,red,1
-695.6095811700847,233.30478326875524,red,1
-575.1997228529347,58.50141282272806,red,1
-887.4491868774604,825.197595583673,red,1
-722.6137149963656,126.78670322746117,red,1
-614.8969141176219,38.84632555014951,red,1
-894.8841833567475,263.5408844922552,red,1
-1026.2682327017997,414.4126217885906,red,1
-860.4432825461332,767.6612111200857,red,1
-850.9475396146415,834.7488302147324,red,1
-718.225456947775,373.2628944180901,red,1
-881.3625368828945,84.72628243214197,red,1
-962.3044281621511,691.897043794942,red,1
-906.9938945175115,352.4010458593306,red,1
-470.2549831450722,21.665496277444696,red,1
-891.4533172519936,678.860750761585,red,1
-767.1627037282517,88.36217857644533,red,1
-701.5242717232851,492.660314171845,red,1
-889.5160851414156,755.541824699229,red,1
-896.5642979069132,706.1597383821722,red,1
-885.9563645792703,717.0220947167446,red,1
-841.7492423577957,582.7932535902737,red,1
-711.9962515517326,376.6803239531065,red,1
-638.4283699000894,659.6528724855917,red,1
-867.5074831397993,578.3068693226295,red,1
-413.19998612395017,547.7736349506848,red,1
-822.1449552308106,801.2472901410912,red,1
-808.112600935103,311.15484875006734,red,1
-824.6435846479764,317.3839687884775,red,1
-944.1962043272666,660.9320774467635,red,1
-786.2565818151253,695.8540702125204,red,1
-907.7973736176889,676.4298592984986,red,1
-897.0436170324253,160.94669463699967,red,1
-910.9136325226143,764.2747411429358,red,1
-737.9173955592785,25.49537470554707,red,1
-744.1002959322232,674.6281688602759,red,1
-753.4619737104782,66.02677075163795,red,1
-938.9231961859983,393.26752857924976,red,1
-944.5271918454215,811.1414810572704,red,1
-748.4685783697093,423.9227556335843,red,1
-841.6029007211089,168.85675095739893,red,1
-898.2149929302188,831.5344838503904,red,1
-852.5398437499334,857.4979423534458,red,1
-731.180185418058,238.00702610507665,red,1
-880.6514237275048,860.9207513440863,red,1
-720.2722223649777,-99.80470259464069,red,1
-879.1364901746958,744.8002635512249,red,1
-770.8838348804339,1036.9791737198918,red,1
-808.9262743300504,977.4687011549736,red,1
-793.5843743854313,124.98900139252815,red,1
-816.9715858833883,951.016889922501,red,1
-819.2213445889893,903.8520510096984,red,1
-767.30548557745,866.6389512237921,red,1
174.71021220062306,-154.47676747365244,green,2
85.96534058006604,-36.328939148017966,green,2
639.7854661002337,1072.7461448813278,green,2
266.9352299062839,-319.93605116812245,green,2
-469.52453180048786,764.5548240464698,green,2
955.6669397360793,332.00361547721,green,2
-169.26854541154648,-366.7001693996487,green,2
498.9653469016361,624.6272343741886,green,2
444.2245725344214,-369.9842770794673,green,2
-452.0563976363763,461.66090557238266,green,2
-466.5722128086179,-89.61439449243278,green,2
29.727887416200954,72.82561793139864,green,2
598.5906667787275,1073.6296680175944,green,2
221.77610507191173,259.15043265292815,green,2
584.7881320874452,-2.2315721802152364,green,2
-685.3192959690374,210.93834894084696,green,2
677.2856822418427,1017.1161931908816,green,2
9.942905054636912,46.306560598755624,green,2
43.54815770049035,475.4649769992983,green,2
-103.07240472513985,-344.45670803488673,green,2
282.9120889490957,284.8356401865789,green,2
379.0363411119203,637.1585462711021,green,2
177.37640737282223,271.92759351432863,green,2
-484.90184382834224,631.612674897561,green,2
795.8903036124053,159.8136137846691,green,2
98.19104304449282,134.80394743750517,green,2
-611.0761891789653,-437.5862490769783,green,2
656.7317205182623,189.3582956905152,green,2
494.96110976458056,221.06696402981692,green,2
546.0098978765892,80.02089852738035,green,2
-412.2602697600414,387.130893374359,green,2
692.4602534194155,181.75880977505338,green,2
523.2846632595074,203.30263143352744,green,2
746.8607793072216,112.5750946084651,green,2
-506.6565352030403,782.4740531224701,green,2
367.89505467648354,264.7656285537931,green,2
721.6399454197049,140.14344786215113,green,2
-28.228544093562746,256.1963221836082,green,2
483.8305531407953,262.5904402499684,green,2
651.7085118563879,425.2165761652229,green,2
-65.24872973172471,701.3872300728505,green,2
341.2822357781032,255.85882770377088,green,2
-104.68063557291025,-129.20352233476456,green,2
-266.88341048224726,942.4181327046241,green,2
35.84850340464101,-57.547246558362,green,2
-684.7880011745136,-116.56240842460478,green,2
-14.365564393998213,233.03208230247026,green,2
269.1012997634287,338.8536999336832,green,2
-553.1515196220053,344.31460358310966,green,2
-373.3772666452269,-433.9333387581892,green,2
482.0657009151335,256.2909700680801,green,2
147.7702957014582,128.44675646932473,green,2
704.3102938450434,195.091641675135,green,2
-199.09962436429188,-72.95699135501624,green,2
963.9736154672224,261.8574855789076,green,2
580.8549720384264,455.8980845064583,green,2
357.5447440053563,379.9746840167301,green,2
-583.6153692981404,-123.57002126245361,green,2
245.35520480592055,529.4922289756313,green,2
-58.39357973929428,137.892984688679,green,2
522.2625501708235,-337.5180854305309,green,2
-174.8766505977525,-256.8571574051315,green,2
-809.2967062564514,423.1868635422483,green,2
920.4184937135439,56.590298117561225,green,2
124.19031628061217,173.76512829133134,green,2
467.3020845095707,453.93269358685745,green,2
-559.9231091875471,804.9548261225884,green,2
-764.3691598021306,44.36258632951008,green,2
156.78913520472324,239.2600242728707,green,2
-366.661966397916,-523.8099918678884,green,2
235.27101793565612,251.62376680211273,green,2
-590.3350743277591,361.19028421377254,green,2
232.60597592419114,156.03402537598933,green,2
-573.9454063352646,245.58784323852984,green,2
-19.148512014386235,218.1258524889284,green,2
-385.1355061667238,706.0114514471051,green,2
638.5058573193149,497.988079036792,green,2
-360.6286617993996,523.9244245367696,green,2
520.8792869977207,289.3088441933462,green,2
-111.42651324860985,1161.2619088060453,green,2
865.49431986466,259.0329727237218,green,2
-182.33471211843738,125.66912406942058,green,2
-309.84179243638584,345.6063567868787,green,2
-60.0334737842354,-84.09974745198524,green,2
175.72875511207533,958.3894996916365,green,2
-71.11881202458372,983.295009451198,green,2
847.3511055859542,140.17852398121144,green,2
0.9711428682262889,-850.8201314091242,green,2
-289.1464895162457,222.61088103969465,green,2
-446.5899991272019,-85.31710499426367,green,2
160.98830292447184,157.66247069310418,green,2
871.3985220865419,13.646565025457285,green,2
815.7816347598036,29.124886077724877,green,2
950.2082636239002,323.17319626021634,green,2
519.3828221428126,38.458385014081976,green,2
339.341903507975,-50.03277971309462,green,2
-348.0757685319004,910.2770840772023,green,2
271.77132525936236,653.4627282169312,green,2
561.0133092994747,237.79846975346075,green,2
1065.9769770998446,523.7599567812706,green,2
554.313225761384,579.3383175809582,blue,3
-51.31794368244919,711.9355093956458,blue,3
148.1257907195973,665.8218796061315,blue,3
745.3017892049826,821.3539506651855,blue,3
-388.28641059151414,-68.83179935972142,blue,3
-559.9452870113298,-35.059633969489084,blue,3
327.0313212388481,927.882918487216,blue,3
-24.000728055719634,586.3570240510423,blue,3
-50.43813669398747,267.96950998131365,blue,3
-320.8046972674786,-155.4624665044827,blue,3
-191.6145904087618,345.0798612763115,blue,3
328.174841998665,832.6474260939877,blue,3
599.6848987589309,-45.51377797689421,blue,3
-355.67585846463254,400.13148390522616,blue,3
98.95021526540808,869.5678910485832,blue,3
-411.72224815585287,290.74979130678236,blue,3
192.59207937846907,606.2128909804142,blue,3
384.9726186484016,740.7334550672318,blue,3
683.4219442822824,473.01641238665763,blue,3
245.34647263988379,-201.44326406182896,blue,3
-308.29337420978726,457.0909369865534,blue,3
179.1139488226425,181.05462903588688,blue,3
227.58920850264144,-107.98225232611544,blue,3
339.6562145435196,1042.2033357731761,blue,3
-274.27858975022207,-343.8050033015816,blue,3
326.1701467120549,902.3822596346785,blue,3
654.3355605980208,1005.9262186690478,blue,3
-261.6816837792201,-294.59069979932144,blue,3
86.73332286768766,427.24680746969904,blue,3
214.68177324221895,943.2723819880721,blue,3
114.64731286823032,503.38928584945774,blue,3
377.33113058001766,753.8822608484955,blue,3
-94.26057765785279,897.8327372866219,blue,3
138.81894585768146,496.7363189239517,blue,3
187.15836815320446,763.6341013964559,blue,3
-51.829170757517666,834.3832554523482,blue,3
324.7700810286022,474.17715945450294,blue,3
465.7583128324411,907.7936373781472,blue,3
-482.4421126062797,218.04697281704597,blue,3
156.463705605658,692.8861172400216,blue,3
-289.91939377029786,448.4646151836049,blue,3
338.74938352997265,759.8064501002722,blue,3
388.4028180315896,362.4922973180709,blue,3
31.892776554074583,849.0583810297801,blue,3
452.96297701143243,418.9137443547022,blue,3
-309.2022691815203,-317.04380513810554,blue,3
217.2465723905751,365.6523983147429,blue,3
47.438911904592594,144.49795902666298,blue,3
277.410552687645,852.5535570718431,blue,3
623.449433114657,504.2345058890818,blue,3
-655.1427094208046,-479.64367081474813,blue,3
-205.1052401901522,46.32541357636101,blue,3
-453.2206670262271,52.85702931782746,blue,3
21.958853174955568,654.5068494953063,blue,3
236.23757278041248,558.45083086132,blue,3
314.10277037367024,635.6843766190079,blue,3
179.22801881905977,536.3330865557605,blue,3
-602.6278851902887,331.01891669192804,blue,3
-13.862743007453624,482.2281548888781,blue,3
-115.52095660435008,58.305046652772035,blue,3
115.57460664118078,62.36482876776018,blue,3
410.6431144625055,459.51378985089696,blue,3
223.58218822679478,99.6936186204517,blue,3
-62.65855642400002,142.42235017106827,blue,3
612.2215337671146,429.61066441405484,blue,3
388.0765199539679,884.3130060735431,blue,3
161.8403269267562,820.4114801541642,blue,3
279.1358973131415,812.0826645711965,blue,3
98.91733133209284,822.1693583068637,blue,3
178.26827276179307,856.7687354810539,blue,3
-237.14808939764205,-182.139152100742,blue,3
230.35638145665624,837.5055087578288,blue,3
261.44770408032815,720.8976699688943,blue,3
-449.2836876231734,-106.90761614421375,blue,3
39.421205382839815,764.9295710783399,blue,3
-39.69039181520028,726.9983634438676,blue,3
-276.3211280762962,622.3018631877,blue,3
-447.43231837704894,273.6296430231031,blue,3
404.4057359978912,698.3927278979091,blue,3
270.60153494913857,757.4743748508702,blue,3
365.7809422567338,851.2549071367949,blue,3
522.7577109504589,1233.505451815534,blue,3
27.25160097367563,497.4898972561165,blue,3
-545.5529678696186,108.76485095957395,blue,3
314.8885708808477,557.2299861047786,blue,3
870.8113494017858,671.8652906515438,blue,3
987.5492505438527,961.9729036789902,blue,3
-33.193889823751036,88.78941478880968,blue,3
-154.93855162939627,-241.05919154793696,blue,3
505.1616665853895,957.170654896647,blue,3
-45.57045327787653,132.89561172790516,blue,3
368.0162594787969,609.0694825352575,blue,3
235.73241633463843,561.1328669376069,blue,3
-209.1981830149877,-118.13659777282193,blue,3
70.62036202894258,586.9947546375483,blue,3
-278.3091382799395,123.59765141641437,blue,3
214.2158504006407,411.7714506199521,blue,3
-247.9988736422809,318.7472728483715,blue,3
187.74497932726962,547.6696132062341,blue,3
1065.2326586133668,885.2709324525613,blue,3
-64.52803409858049,-457.38365284299925,gold,4
-189.1599662316171,-463.70867337095444,gold,4
160.2287924140075,-433.68311694724724,gold,4
-676.7382079220847,-376.2640521245696,gold,4
-721.6458504264076,100.69840805125459,gold,4
71.13549589361463,-470.6774902041158,gold,4
244.60569778129587,-572.3869393826925,gold,4
-632.9207552996853,122.50846825900264,gold,4
577.1299403192729,-696.781887449468,gold,4
104.99010648287455,-916.6685134890574,gold,4
-269.8159101229062,-562.4821765410172,gold,4
-116.63823215566251,-776.0617073557434,gold,4
-157.59668681013264,-366.62184897910225,gold,4
-51.73262403426808,-558.1160098160807,gold,4
-153.63737370206636,-495.9965211509921,gold,4
-372.23445740562477,-716.7848040417093,gold,4
-241.97569461583163,-224.9135653763043,gold,4
-435.20755852769025,-174.09970966655283,gold,4
369.47654854929476,-629.1447255758596,gold,4
-372.01505055476804,-484.174032472146,gold,4
137.27594047420743,-824.1839313589136,gold,4
-29.744270564613192,-638.0041939342861,gold,4
410.00489509427604,-565.5987249385265,gold,4
-97.1938582744051,-771.9091181064426,gold,4
-45.50442904536315,-734.7859142785397,gold,4
-380.0509262006244,-433.3547481479138,gold,4
77.66362703327619,-790.6434275010657,gold,4
144.30528310483928,-748.3480715846241,gold,4
-255.52743910304494,-611.5534782868096,gold,4
-355.2101696861459,-302.47449082657494,gold,4
295.4924626474007,-724.8760005832479,gold,4
43.47420339406862,-770.9538030881134,gold,4
169.39938737430455,-676.9893176416485,gold,4
27.42931937470273,-867.4192803952288,gold,4
-456.02829835310706,-474.96476076438535,gold,4
-140.24034724242284,-844.5152266366275,gold,4
-470.7751716355283,-226.3469797782861,gold,4
-587.0818100219985,-502.08915117561446,gold,4
-578.008851402149,-233.56065546989242,gold,4
-178.46457091860842,-799.7724461150468,gold,4
-517.4771960359889,-531.6254104216218,gold,4
-350.6143770464495,-632.0930096049834,gold,4
-508.277731843887,-295.3418570668416,gold,4
270.8120565790277,-845.2635607252146,gold,4
69.60778393401154,-814.4230978259063,gold,4
-748.4464394969456,-283.79543053305775,gold,4
-215.03709849158264,-688.469386354445,gold,4
-57.022435687403636,-79.83423859730631,gold,4
73.73340105887908,-749.7931061345007,gold,4
-393.10473416806394,-699.7563851436839,gold,4
87.91283900841137,-913.0783289599409,gold,4
65.6140372016992,-745.4293268480367,gold,4
-177.21698227868416,-634.6073903818192,gold,4
-185.79625810655293,-808.4036596474988,gold,4
-9.683027141677284,-904.3709509308334,gold,4
-76.55085772553588,-461.56129625227106,gold,4
-539.1916509386845,-358.7250417804885,gold,4
-224.51773732654163,-925.2749042995592,gold,4
-439.4467929157331,-416.7744932692054,gold,4
-315.2777854170168,-147.7877230990488,gold,4
-191.30097645522636,-506.1657666661173,gold,4
427.3021043318,-992.8849267830815,gold,4
-390.01392195367436,-366.913860765307,gold,4
20.025607073498097,-766.759748331164,gold,4
-545.4649592056257,102.2853316772437,gold,4
-49.9020417507658,-640.655384291479,gold,4
453.25598754101037,-890.128143112357,gold,4
67.99957471381965,-585.3917148280751,gold,4
-400.2366744172039,-312.4870066501673,gold,4
82.82872429224638,-611.3261976318914,gold,4
300.3426931833722,-794.178877486066,gold,4
-98.25126165995978,-622.1688664935527,gold,4
-363.7454561914355,-357.3841233830964,gold,4
688.9817247822306,-1060.3182110542411,gold,4
-228.52580052425216,-515.1586148978702,gold,4
587.1251663759116,-915.558608770016,gold,4
439.4661974751276,-797.3838865079605,gold,4
-650.2417970503495,-167.12552405779994,gold,4
209.43299641526195,-588.5754520343271,gold,4
-710.3742007978487,-316.0976236255235,gold,4
-11.085850395347972,-788.1977307917048,gold,4
33.95867456445026,-773.4856150160522,gold,4
-65.44270185302447,-278.5730287424263,gold,4
-178.90495706546034,-570.0128205817282,gold,4
144.82351190349019,-415.4482403244781,gold,4
336.67644110962163,-1169.243431158135,gold,4
16.783571315871836,-477.8386192480028,gold,4
-41.48810309707391,-594.2921275333223,gold,4
358.68225479447005,-1180.9180753880323,gold,4
232.240073282435,-1059.0294806762417,gold,4
328.24533165007375,-827.0278417680388,gold,4
412.4316137159795,-707.5258758273908,gold,4
-361.1120494114321,-374.8309545103777,gold,4
273.18033833446805,-819.7223961687723,gold,4
239.6226490892164,-861.018760380942,gold,4
-222.72516044924254,-361.9224603260106,gold,4
214.48514519414522,-759.6834439514616,gold,4
425.182337485007,-654.4424254886153,gold,4
-110.38874005693131,-709.8535275917544,gold,4
-332.1703401920912,-576.0183042521438,gold,4
214.78571365872514,359.6027770328844,purple,5
-653.8315086084975,168.97223516878287,purple,5
-542.7515044461499,222.80148758069404,purple,5
-140.1953519965505,241.25080235772427,purple,5
-582.6694902299532,357.78840819516233,purple,5
-276.1632172787909,-179.09407796704386,purple,5
-399.13573311337836,215.78485139669573,purple,5
605.0771600683424,518.1056390247951,purple,5
-359.59039692662947,-55.45394713165094,purple,5
-696.6058315961828,225.01183611409996,purple,5
-253.81608960573726,254.61498107685674,purple,5
454.8359025055073,345.3038607503036,purple,5
-350.82126296664774,22.241308915193972,purple,5
394.8439610854661,331.615846715336,purple,5
35.18124206445492,333.7141392068996,purple,5
91.34705505461052,316.5028790038598,purple,5
810.3032382738314,4.010777656980441,purple,5
-30.004976766781134,-11.892776415832087,purple,5
266.05379320033506,603.8181846800885,purple,5
24.733407943531972,290.38684463008155,purple,5
436.3097881015041,395.0909226829265,purple,5
290.61005192743556,316.0580141036095,purple,5
-422.6193843160435,117.75404125134453,purple,5
420.23252729548017,95.04294789133293,purple,5
-165.3524013507191,-84.67495165163373,purple,5
731.9997607937345,-42.974087368210675,purple,5
146.03596985777492,164.79272881833987,purple,5
-84.36453500001811,-138.83430798766992,purple,5
-59.299173671190005,126.59733075839901,purple,5
41.47902352269627,192.20903455439208,purple,5
113.77558635597818,158.6868829682375,purple,5
120.71604338486081,212.08905145485554,purple,5
-578.8972035576319,51.03583328090023,purple,5
-147.46351233219252,-104.17876758114893,purple,5
-296.7272672626177,-1.0864384363807418,purple,5
-529.0791271294065,-52.740278963819335,purple,5
263.6459917168316,-19.16116016119084,purple,5
394.1226452087362,-115.22194180707731,purple,5
510.89633368498073,398.86881717576074,purple,5
-393.29869692696565,-43.18877829670481,purple,5
787.5074784491094,792.7681437666727,purple,5
153.11852320369556,-319.18702707604854,purple,5
-269.396026645616,41.60681726918581,purple,5
-79.12327760243015,138.0435570943585,purple,5
-23.31766984696624,-224.41130326741288,purple,5
-619.773460583011,71.06411584586583,purple,5
-278.64825306283456,246.2690630181629,purple,5
-297.2380125523163,316.54272317143966,purple,5
616.3853263778685,616.6103443149998,purple,5
742.1519250022689,-100.69974941465377,purple,5
-211.4638443405089,41.02021346286745,purple,5
-99.23301807298206,-702.2319292056026,purple,5
-206.80110172556275,-349.4281080154632,purple,5
1106.07764520323,187.4976842523349,purple,5
641.3949506827279,87.89349505431024,purple,5
301.874865831805,-11.164892123857319,purple,5
117.27980380703099,-145.11321659464616,purple,5
109.62156267210999,361.53737082596433,purple,5
-415.6911515229125,190.63230083540066,purple,5
759.2750304677041,420.238994966476,purple,5
227.92422529044305,-208.44830133904412,purple,5
855.5021020607257,259.4688752087564,purple,5
1090.1093854051887,347.09327391740777,purple,5
277.2092579046079,-311.39523384700095,purple,5
150.6267316386863,27.55466466210399,purple,5
756.5887645419878,409.47165150403674,purple,5
934.5095859763999,375.9625257612601,purple,5
326.8028780995166,404.6677919240864,purple,5
470.2751385487895,443.41309579203397,purple,5
-327.5817392394963,67.01216526933078,purple,5
-425.0813812644963,-287.1267964063975,purple,5
534.9158654439918,352.1306800923671,purple,5
353.90191255306206,390.5294094091925,purple,5
793.486911524809,543.9546342209798,purple,5
27.8202308397288,350.8625398359683,purple,5
332.84544041887324,201.42966525123634,purple,5
744.0300258659789,596.2135664544194,purple,5
668.7962726456458,482.3620347903776,purple,5
-481.2239512048183,-22.15382250704912,purple,5
332.45115978624295,441.7994622373411,purple,5
-567.1636710406669,-89.60719210455542,purple,5
-0.4757891752417622,60.04694042414558,purple,5
-581.9147148175147,124.45318507567124,purple,5
529.096027003966,85.89603024112567,purple,5
-301.7719704554749,-95.7520561153557,purple,5
277.8493906428892,333.20762732034393,purple,5
-526.9549643266934,-129.01445994542374,purple,5
525.0091123131431,742.1201327582405,purple,5
504.3077814103649,159.2391483957392,purple,5
-111.84264729893958,573.1601316101369,purple,5
269.2134550559301,202.14563203706217,purple,5
-440.550416946723,63.25642178180571,purple,5
-164.2367177551682,-376.46187434901316,purple,5
120.61430109036002,388.1455980851939,purple,5
159.39393390351336,305.11999830015037,purple,5
188.28251840534438,289.939111116651,purple,5
-55.511136935245545,506.36481805688163,purple,5
411.9001414304128,369.06811814816473,purple,5
-440.9542058483375,-21.259697207531037,purple,5
423.6914796352986,537.9627153919147,purple,5
334.2169669096598,-367.2528625614162,deeppink,6
-137.14172814376482,2.4590383862204366,deeppink,6
35.42810237508819,-373.02834940458735,deeppink,6
150.36669202210186,47.203573838888005,deeppink,6
365.4657358382658,-518.1361819798914,deeppink,6
425.7544895835023,281.75869497993796,deeppink,6
462.2029889636454,53.83049143197104,deeppink,6
59.17074671212498,-2.1076556512750617,deeppink,6
322.7507427699263,-163.841389047098,deeppink,6
623.8426213424086,-477.9287604243725,deeppink,6
336.7409056968564,68.62095477080578,deeppink,6
473.08597739620654,-114.79315066863244,deeppink,6
310.99766831396823,-243.0075295302334,deeppink,6
90.9611859346466,422.6943534146585,deeppink,6
5.302377587989729,-337.75430700017864,deeppink,6
481.57061195003274,-513.7837420547594,deeppink,6
362.49884257490015,-191.01723000880963,deeppink,6
281.4460275123068,-19.21536042766058,deeppink,6
-235.26796431352605,-170.0175017949762,deeppink,6
-180.90677090246442,-430.32296005276044,deeppink,6
83.68205624756946,-109.42336276282195,deeppink,6
712.2588823195356,-615.8736300538454,deeppink,6
164.0682071077195,-562.6204149529443,deeppink,6
615.4927748711227,-810.1540465641871,deeppink,6
-642.07515107499,492.24079008397393,deeppink,6
688.4549111785705,-672.5272249508832,deeppink,6
-110.01842779665428,472.8317873556326,deeppink,6
588.7104023659759,-118.47026198135093,deeppink,6
443.95299339382206,-575.2768151918824,deeppink,6
220.02769579097574,-46.711748846684095,deeppink,6
636.4097698273006,-637.7941163435187,deeppink,6
632.3094952073095,-854.2254266386086,deeppink,6
394.29829228885063,-720.7947947486357,deeppink,6
820.4261671188843,-691.296789057942,deeppink,6
-522.0690180302518,-182.93709803065346,deeppink,6
775.1866638184218,-483.2720276420345,deeppink,6
135.92820117231548,-474.9719440695809,deeppink,6
555.6165710959449,-614.508800202309,deeppink,6
119.04998159024902,44.09977707559691,deeppink,6
397.25561005912766,-701.5373690759371,deeppink,6
488.0974764835493,-712.5538210000901,deeppink,6
638.5875016301699,-214.80540391031408,deeppink,6
-320.95314906063385,-127.74394443049037,deeppink,6
543.2729625379013,-386.2819378937332,deeppink,6
-177.93060222639667,-83.52073705852422,deeppink,6
-64.99812276390324,-584.12448552846,deeppink,6
47.143806181938864,-245.64851403972548,deeppink,6
-65.35748574382445,-608.4254774119245,deeppink,6
-245.00700085998332,-271.0113307749797,deeppink,6
401.46630183789597,-280.8356112900446,deeppink,6
65.48864975408695,-177.16534402534418,deeppink,6
-252.77194510379763,-518.3687707158771,deeppink,6
268.55514037976354,502.3708737843949,deeppink,6
599.6155582753435,-495.6420724626994,deeppink,6
396.1677517329828,171.42758230821966,deeppink,6
241.61474884736504,78.3210836467245,deeppink,6
-497.1617282315318,180.11026373288155,deeppink,6
272.68306106716017,119.34676178886708,deeppink,6
43.80598306368915,-298.3024230932743,deeppink,6
-249.5495332897261,89.77749855989644,deeppink,6
416.6524848909962,176.88223458710715,deeppink,6
344.7077058586695,179.27700809520252,deeppink,6
1123.0289424525622,-587.5153541589174,deeppink,6
993.6955643885299,-680.6362981144326,deeppink,6
878.1721772108608,-303.4806828460399,deeppink,6
601.8187119378285,-360.1033872105694,deeppink,6
697.4548880427452,-3.845569972453028,deeppink,6
722.9027104008335,-391.92016566311895,deeppink,6
721.6554361252056,-346.15832029620793,deeppink,6
-119.93199336072651,-626.7862013839132,deeppink,6
-381.20447656313576,-392.23365339354024,deeppink,6
380.60653258062433,-305.7051171895833,deeppink,6
333.1315050032991,100.81936240585222,deeppink,6
257.8021008533436,-488.6069384017367,deeppink,6
61.25383377313401,-216.20984370090966,deeppink,6
347.19793068865465,-269.84444183409204,deeppink,6
546.5655404401717,13.227777755309942,deeppink,6
768.357116745526,-176.70346400453917,deeppink,6
454.8985994109754,-49.082345918394665,deeppink,6
-244.01243988809387,8.207308662878868,deeppink,6
188.0052008786676,-314.8283850764203,deeppink,6
-618.6582637448154,133.34103836409471,deeppink,6
383.01840041502635,-297.19055660546564,deeppink,6
504.72248479826254,-228.4367497695306,deeppink,6
-589.4606620902404,5.342535392862701,deeppink,6
-441.7017750563972,79.75549258126706,deeppink,6
592.5320634698537,-726.1973563701996,deeppink,6
-304.5782442207489,-58.322320250268795,deeppink,6
467.18487857385406,-44.542449843857455,deeppink,6
52.80535241301539,32.632582353885,deeppink,6
-48.09480449618228,-14.483789165286797,deeppink,6
549.4268729881338,-834.1209568837261,deeppink,6
-81.44981876363767,-81.15524919555095,deeppink,6
-170.65187363976514,131.22220146065203,deeppink,6
65.23404224968054,106.65433145813162,deeppink,6
92.06769809756264,164.87343943262607,deeppink,6
-540.874220074488,343.60977547323336,deeppink,6
749.6139289850006,88.35383700993906,deeppink,6
334.4488699625805,-286.8940945599746,deeppink,6
-447.3871633653791,179.98015522815277,deeppink,6
-216.37683086145626,-810.2499272958148,orchid,7
-710.3012765086406,-119.95116223127773,orchid,7
-434.80119519490614,-547.2523826029267,orchid,7
-767.091726913647,-350.5734580551172,orchid,7
196.63400224140727,-980.2550918197235,orchid,7
-423.69734694086105,-434.63163586179377,orchid,7
-521.4238109168979,-179.76246038176393,orchid,7
-308.7271681565679,-670.2807447455332,orchid,7
-152.30603393755632,-635.5700672203706,orchid,7
-700.6679749855268,-507.7302853205539,orchid,7
-20.848522581491828,-700.9576707889606,orchid,7
-368.51175941010985,-754.9232080998537,orchid,7
-241.80752522923012,-695.4160768137233,orchid,7
-677.0883749602309,-69.5113817266105,orchid,7
-595.8990689815988,47.71454656279869,orchid,7
-394.0976664615232,-372.22703002367246,orchid,7
-136.3141092887,-509.2943048210223,orchid,7
-783.1377464997665,242.3751010813622,orchid,7
53.89771081836085,-770.7178974270182,orchid,7
-34.20347290432524,-666.1181674726405,orchid,7
136.28946791589743,-976.7006743646715,orchid,7
-608.5289703619745,-348.53643308282136,orchid,7
126.72087832221646,-853.3314331785566,orchid,7
-90.00261393513344,-810.548930981907,orchid,7
-460.1445949828087,-534.9276455396507,orchid,7
-200.33429646357106,-1077.4366530185487,orchid,7
-595.2731001260795,-327.2226448712937,orchid,7
-166.8134144342549,-973.3359636457849,orchid,7
-523.967896828209,-710.9643585917174,orchid,7
-255.13865873488834,-899.0174355151734,orchid,7
-434.2200611322332,-657.7598902501701,orchid,7
-507.91493316622757,-618.5746981189278,orchid,7
-293.4110369648714,-775.0565148578258,orchid,7
-164.86430421515504,-870.6473276950361,orchid,7
226.72583765256735,-497.86358198846165,orchid,7
-58.238324544944355,-792.7669483338218,orchid,7
-341.9838917396851,-509.7543050835258,orchid,7
-809.2245028699339,148.82168879067507,orchid,7
354.44374335914955,-918.3128004003686,orchid,7
141.29311611653904,-893.353269809839,orchid,7
-571.8850084209121,-458.06917339131655,orchid,7
-353.5248892610872,-730.8342382258755,orchid,7
-473.03990590578604,-517.8415598574994,orchid,7
-816.7868605400796,-306.5439926942643,orchid,7
193.44102589454045,-850.7764664107723,orchid,7
-262.1517559223463,-596.2417557906318,orchid,7
433.24841908099546,-865.4970889939121,orchid,7
132.94548721581398,-512.0749540385156,orchid,7
-319.3188290216054,-416.0404095877061,orchid,7
-662.5505732218318,-480.71546117937794,orchid,7
14.854576009987213,-260.214585214877,orchid,7
-278.16181839725925,-90.91436646505394,orchid,7
-85.88390293518302,-817.4471346854825,orchid,7
-625.4938728401607,147.26252756140087,orchid,7
-791.1576562003928,-345.95955872705247,orchid,7
270.92089878694054,-658.2204992545358,orchid,7
-138.2350651001706,-880.1350307708492,orchid,7
-779.8019913449494,195.50919998315496,orchid,7
-44.94090823568219,-655.1824384322746,orchid,7
-351.63885942046454,-470.49926352167654,orchid,7
-435.7845856313928,-129.79271572985593,orchid,7
-395.96071931136294,-485.1966211535038,orchid,7
214.49678434668334,-985.9606900932428,orchid,7
-689.9699933199777,417.4647305141636,orchid,7
-348.75335359195935,-413.62778175871006,orchid,7
-427.67136522780515,-626.3365724169386,orchid,7
71.91103118365614,-778.6866639580969,orchid,7
-777.4083796748025,-115.02715384094746,orchid,7
-600.0817752615615,-517.7511292910823,orchid,7
113.18607827216681,-654.5788711576813,orchid,7
-908.5879801845668,333.715387043163,orchid,7
-152.24931574842054,-440.9184503646429,orchid,7
-641.2082381121293,-580.5420950967973,orchid,7
-164.74492701272908,-675.3230844574663,orchid,7
-319.1157245201787,-528.4446169961706,orchid,7
151.4543793478743,-945.8593464998277,orchid,7
-100.97805710925148,-665.2134972726654,orchid,7
15.63003864850285,-904.0139615450161,orchid,7
-679.367558125607,-46.28857826223152,orchid,7
-345.9694078715812,-719.3381912139066,orchid,7
-477.73076917612354,-576.2362365277137,orchid,7
-252.37343786725384,-530.2964043721691,orchid,7
-450.75696719174704,-769.5221066332768,orchid,7
-547.4679345496688,-567.939532747061,orchid,7
-554.4766213510513,-119.72428835333936,orchid,7
-483.4086930554439,-709.7814617521112,orchid,7
-416.2639048305899,-288.7419174874318,orchid,7
-150.5731160555451,-712.6827194700733,orchid,7
-106.50035887895633,-704.9410269104377,orchid,7
-726.3904680801917,-383.69152140526853,orchid,7
-520.4864591583134,-459.7884336219332,orchid,7
-319.21106803286557,-596.141892453974,orchid,7
-331.1377282935134,-588.4333994292632,orchid,7
-468.8280362932312,-573.3057451775009,orchid,7
296.62061627798414,-926.2497975628232,orchid,7
-841.7827614802318,289.1687286258333,orchid,7
-600.1195386545813,-531.2433819070105,orchid,7
-554.1485984147571,-628.2694155607114,orchid,7
-212.62452221955334,-866.883109466772,orchid,7
-91.93165771826015,-627.0050743006877,orchid,7
-404.4796402761694,469.7686342411371,teal,8
-111.49239564224094,847.2786533968423,teal,8
-193.59124136507012,551.1714123379143,teal,8
-366.7133535046321,105.09051436633985,teal,8
-259.9502552046718,89.19403098910804,teal,8
-205.74238753350517,584.437677907443,teal,8
-240.43382114984556,256.98487929389233,teal,8
-180.49396148137976,354.85056921091785,teal,8
-156.83764857522297,711.8037493105329,teal,8
-575.5259999931862,647.2692608910475,teal,8
-444.454311480488,221.51115180255712,teal,8
64.17048984888446,673.4636769091861,teal,8
-376.170207677696,-117.8940193406008,teal,8
9.176312710284016,-254.72972528240308,teal,8
-391.9165978993168,620.1284152817088,teal,8
-176.05728437995435,514.3333935985763,teal,8
488.6641439820185,646.9413189010977,teal,8
-759.004356172904,196.25380541970236,teal,8
121.41414770679474,687.2967897807642,teal,8
209.1773357246027,351.923415460533,teal,8
-159.59770162355088,667.2333232462399,teal,8
-588.5816220210188,459.48704488974766,teal,8
7.2582330000923685,-127.73579790391113,teal,8
301.9865290644663,432.1984430667099,teal,8
-144.5504475813312,649.2184249078084,teal,8
-47.60930592407422,548.1253874792185,teal,8
410.88451334858604,360.10265820584254,teal,8
-467.84907920942373,421.0409981932383,teal,8
3.5098651895203354,185.01758666366763,teal,8
-102.17794415134755,580.5652534222219,teal,8
210.44160533313215,483.3184053409325,teal,8
-51.20630558804044,447.1497076557633,teal,8
-647.1599593436214,-48.491282403885315,teal,8
-123.27628837177228,358.39492089073065,teal,8
-28.002862703459723,432.08481980939877,teal,8
-357.60234481306486,346.741336985271,teal,8
66.94451493161868,-6.572138493042248,teal,8
209.74907771606703,135.37653265433084,teal,8
-100.9502003554892,554.7066026052639,teal,8
-351.9626891562591,657.0948975466827,teal,8
198.35412038360482,293.297829488381,teal,8
252.22011929384763,-122.64680871732874,teal,8
-357.47966930346087,104.14803591899005,teal,8
142.0060389543463,222.62184271451815,teal,8
-200.96668425622818,567.0175125980718,teal,8
67.99055058215927,759.7000411169929,teal,8
-123.12912061144337,522.5820908294636,teal,8
-285.0080548276443,639.4816972282947,teal,8
-143.24100900703107,302.01704975074483,teal,8
88.81294608354872,558.549956392172,teal,8
-135.50010548278013,6.753977061910388,teal,8
-206.86168492702558,-379.1393462617685,teal,8
-339.176255041513,214.57735334088903,teal,8
-276.6807136327694,887.7741434446364,teal,8
-546.6045745977862,82.96371697774566,teal,8
-319.00471955908296,786.2918413753546,teal,8
-567.6596361359394,192.6989997272982,teal,8
-591.1541926286254,-2.779565765810723,teal,8
-199.7390926154052,923.2481788647025,teal,8
-370.10046266747236,185.97700158844006,teal,8
-175.533203005673,44.358069207153115,teal,8
-538.1036377696935,203.04111276822476,teal,8
-1.2243667986752613,237.72620968982352,teal,8
809.2899289943209,-240.62985356246134,teal,8
14.861169677123371,-92.3124138100263,teal,8
-60.582346039359805,347.7362891262886,teal,8
32.9943444446425,566.4934064972467,teal,8
130.6753383385117,410.9103619819766,teal,8
144.16815235972138,353.7322137911269,teal,8
-330.2070342288154,341.6969387311207,teal,8
-39.53596020588066,660.4226181153701,teal,8
-150.6336054807695,213.63003947842316,teal,8
-343.1760707028514,93.54994967338473,teal,8
-280.7636406632169,827.0637414921066,teal,8
51.38054366755226,338.33388995482716,teal,8
265.8130493455675,485.0822830426207,teal,8
-501.4115184031389,167.01781164878727,teal,8
146.0182268483512,502.3486853440655,teal,8
-612.4792250745418,121.87934501464055,teal,8
-7.888946310692071,834.7319477831741,teal,8
137.7343410306222,428.8297878041798,teal,8
97.98419653268925,413.7576268613481,teal,8
97.05518614486853,396.1307825250923,teal,8
-499.48580903248074,358.7984726307866,teal,8
-377.1425968943162,758.9408155303115,teal,8
297.42141774778935,-210.2088798436399,teal,8
-99.79455177438761,94.8910926313442,teal,8
-426.62283609818485,320.41909640453457,teal,8
-321.18634183935245,287.69276750663596,teal,8
-193.726027380248,-20.565787154699816,teal,8
-409.1044346497869,593.3225347241392,teal,8
-171.54884525970988,95.85438598358296,teal,8
384.07054323449745,647.705555082389,teal,8
-409.2113167837311,695.0067618745005,teal,8
-417.4403378385379,46.28066472084326,teal,8
-560.8826595690775,280.0199593952045,teal,8
379.7159397497851,578.3124635080736,teal,8
-306.60437879908886,434.77239999723827,teal,8
-143.11535604727638,403.45392483112323,teal,8
96.31241426820901,366.7052547316022,teal,8
-456.8780536394117,-619.527709880138,yellow,9
-752.5816537244314,-49.659975761034474,yellow,9
-610.6582981511436,-196.08665027603712,yellow,9
-620.8706205699997,-87.95346951178443,yellow,9
-651.0311045480441,27.737928052186973,yellow,9
-313.852700850577,-725.9274422137064,yellow,9
-298.8547492437175,-78.78088010280037,yellow,9
-251.02665346560934,-723.5644535967532,yellow,9
-549.360457994612,-532.8243330497245,yellow,9
412.4127119649149,183.2760183710661,yellow,9
-176.19675901708752,-824.5312393543765,yellow,9
-104.8789021693126,-543.5857279351087,yellow,9
-104.63883307564215,-896.1837066869289,yellow,9
-706.0032777595104,-275.8413853831363,yellow,9
-697.4906594700145,-233.96707310476805,yellow,9
-151.67954104340618,-643.753614716755,yellow,9
-420.15243505763226,-640.845345210998,yellow,9
-55.121973559938034,-708.6557033298556,yellow,9
-316.11050605393905,-736.161049095359,yellow,9
-87.08151358740017,-770.1204638493782,yellow,9
-575.1404326111711,-339.0093847608818,yellow,9
-376.04177441077303,-836.7476693229193,yellow,9
-303.2358703278071,-176.3082245913958,yellow,9
-539.6761970872872,-563.4665246618929,yellow,9
-511.64339934093294,-475.86211804456457,yellow,9
-466.050162132877,-447.89268967730544,yellow,9
-311.23842760495097,-516.0229759238186,yellow,9
-549.0295398915362,-442.5571432186721,yellow,9
-483.64338621800874,-588.3540473985245,yellow,9
-353.36999528765807,-546.3460747440367,yellow,9
-525.1144189334315,-419.141531415793,yellow,9
-522.4610287703713,-411.1755560450652,yellow,9
-583.5629416518385,-321.7163325750838,yellow,9
-346.2607278672928,-317.758497348421,yellow,9
-71.5878477701085,-541.1464239248503,yellow,9
-41.742799942598744,-708.5058475853642,yellow,9
-233.47517263148447,-724.387582646053,yellow,9
-69.24131823041601,93.43231569851,yellow,9
-323.2993855089823,-706.6596340505326,yellow,9
-295.85185031729696,-776.321681909006,yellow,9
-500.2630270216948,-495.73467996520776,yellow,9
-191.06934833045773,-647.5542648355369,yellow,9
-89.0322509870643,-745.7320532650944,yellow,9
-390.31342417072517,-449.3576187452598,yellow,9
-345.4529952337751,-497.46690256397255,yellow,9
-232.25776470025795,-468.4628731448913,yellow,9
-413.6992652187132,-362.2425237040811,yellow,9
-157.1529612537553,-348.0848264837507,yellow,9
-465.10965599681083,-418.39788593117896,yellow,9
-427.57990885731726,-487.7651476192514,yellow,9
-419.50260609025145,-422.34775828527455,yellow,9
-229.41586776603555,-794.3029558631904,yellow,9
-263.5450638091018,-191.58781921912853,yellow,9
-428.14489408911277,-473.6258116514653,yellow,9
-435.4466907001298,-180.65755813335247,yellow,9
-508.38819007731774,74.02123117555561,yellow,9
34.03168862283756,-715.6912124174212,yellow,9
-289.9475940949594,-480.3733428626641,yellow,9
-502.920341363209,5.0035983003099895,yellow,9
-35.603679739758704,-749.6217168888822,yellow,9
-407.1875207810986,-438.65211697762476,yellow,9
-219.12645788737447,-601.1589158800435,yellow,9
-585.0478790371043,162.37374947772733,yellow,9
-254.7071529147658,-254.7551828574593,yellow,9
-655.7606663831259,-134.49308879490513,yellow,9
-761.5282496638376,-191.26525510346178,yellow,9
-339.3669561926254,-103.82576334910033,yellow,9
-307.66304205796064,-457.6921912260218,yellow,9
411.9976489684072,-867.122544492184,yellow,9
-352.7872181464782,-11.793054531561365,yellow,9
-790.0887385699192,355.5358942012401,yellow,9
23.160970060103814,-732.7619483720674,yellow,9
271.27972959162264,-428.16423966948634,yellow,9
-270.6669823665657,-539.6018299891886,yellow,9
-25.098413864738706,-684.9441829179251,yellow,9
161.11564342500745,-791.3624292075439,yellow,9
-827.1750040987006,-313.1678347408242,yellow,9
74.7435295140894,-667.8369555722784,yellow,9
462.241038919569,-980.9838174905351,yellow,9
-100.20382757462474,-681.3420247883273,yellow,9
250.93493053881843,-780.6397705138273,yellow,9
-90.447349523269,-581.9985078807836,yellow,9
-24.039353399648792,-271.81638113220976,yellow,9
269.71132401513114,-832.8813555538468,yellow,9
-121.48194754171477,-585.92177253038,yellow,9
-137.07317696591724,-873.0467307866853,yellow,9
-321.46311880279046,-752.0759223197908,yellow,9
-663.4702598292238,-96.38914648821294,yellow,9
166.13642648280975,-775.9638857223663,yellow,9
-363.1747654166752,-380.8425662063177,yellow,9
-762.0644749442209,-6.13547478958476,yellow,9
169.62316496745655,-829.1634762894428,yellow,9
-697.8882724539491,-146.69758588331254,yellow,9
1123.2846833379026,-127.12302792008354,yellow,9
178.39588758975884,-686.7057894777931,yellow,9
605.6290107351844,-936.6815673337134,yellow,9
-212.27182132365138,-563.0483111549507,yellow,9
40.7244376171559,-888.4979384344732,yellow,9
-139.91087763681526,-11.64714397346656,yellow,9
-624.0304594157808,-223.34730879319014,yellow,9
